sensor_id,timestamp,temperature,humidity,location,sensor_type
1037,2025-04-06 17:39:06,16.15,40.38,BuildingA_Floor2,TypeB
1022,2025-04-07 23:17:35,27.6,33.17,BuildingB_Floor2,TypeB
1096,2025-04-09 00:39:16,22.8,63.45,BuildingB_Floor2,TypeA
1048,2025-04-09 17:35:25,21.53,61.27,BuildingB_Floor1,TypeC
1089,2025-04-09 14:52:50,31.59,34.05,BuildingB_Floor1,TypeB
1093,2025-04-08 11:02:00,28.89,78.05,BuildingA_Floor2,TypeA
1087,2025-04-07 16:15:03,28.12,39.73,BuildingA_Floor2,TypeA
1074,2025-04-10 01:37:16,30.12,79.44,BuildingB_Floor1,TypeA
1038,2025-04-08 04:16:11,28.0,33.21,BuildingB_Floor2,TypeA
1052,2025-04-06 20:49:16,21.76,76.16,BuildingA_Floor2,TypeB
1070,2025-04-10 14:06:54,34.25,78.94,BuildingB_Floor1,TypeB
1035,2025-04-09 03:59:57,20.81,67.27,BuildingB_Floor1,TypeA
1060,2025-04-11 06:12:44,25.2,44.14,BuildingA_Floor2,TypeB
1061,2025-04-08 02:10:26,20.0,49.14,BuildingA_Floor2,TypeA
1095,2025-04-08 21:17:40,33.33,60.49,BuildingB_Floor2,TypeB
1095,2025-04-10 21:28:13,27.02,62.71,BuildingA_Floor2,TypeC
1018,2025-04-09 13:12:37,33.67,54.46,BuildingA_Floor2,TypeA
1095,2025-04-08 20:58:57,32.93,78.58,BuildingB_Floor2,TypeC
1080,2025-04-11 11:52:07,29.34,58.67,BuildingB_Floor2,TypeA
1033,2025-04-07 19:49:47,32.07,50.13,BuildingB_Floor2,TypeB
1022,2025-04-07 19:19:06,15.49,69.98,BuildingB_Floor2,TypeA
1052,2025-04-11 08:10:56,21.12,60.45,BuildingA_Floor2,TypeC
1018,2025-04-07 10:51:28,16.66,49.8,BuildingB_Floor1,TypeB
1027,2025-04-09 02:29:36,17.51,73.7,BuildingA_Floor2,TypeC
1099,2025-04-10 09:38:41,33.47,49.47,BuildingB_Floor2,TypeA
1089,2025-04-11 05:09:16,31.56,70.5,BuildingB_Floor1,TypeB
1062,2025-04-11 04:43:02,15.78,63.81,BuildingA_Floor1,TypeB
1037,2025-04-09 14:22:14,15.29,74.15,BuildingB_Floor1,TypeA
1030,2025-04-07 19:14:13,28.62,79.61,BuildingB_Floor2,TypeA
1024,2025-04-07 16:40:23,25.68,69.12,BuildingA_Floor1,TypeC
1055,2025-04-08 08:09:50,21.53,33.92,BuildingA_Floor2,TypeA
1055,2025-04-11 11:04:50,33.21,38.68,BuildingB_Floor1,TypeC
1077,2025-04-11 00:43:17,19.77,58.83,BuildingA_Floor1,TypeC
1060,2025-04-09 06:43:58,21.29,78.73,BuildingA_Floor2,TypeB
1061,2025-04-10 11:14:22,24.74,78.01,BuildingB_Floor1,TypeB
1030,2025-04-11 09:14:11,25.8,52.22,BuildingB_Floor2,TypeA
1074,2025-04-08 06:05:54,24.46,77.01,BuildingB_Floor1,TypeC
1099,2025-04-09 00:11:41,29.29,46.84,BuildingA_Floor2,TypeB
1040,2025-04-08 08:39:42,33.98,66.01,BuildingB_Floor1,TypeC
1018,2025-04-11 13:09:20,23.72,68.6,BuildingA_Floor2,TypeB
1051,2025-04-08 05:13:01,18.57,31.34,BuildingB_Floor1,TypeC
1045,2025-04-06 16:46:46,29.41,66.32,BuildingA_Floor1,TypeA
1006,2025-04-10 04:52:54,30.2,42.73,BuildingA_Floor1,TypeA
1054,2025-04-06 16:50:15,34.07,55.66,BuildingB_Floor1,TypeC
1000,2025-04-09 08:07:22,32.96,46.49,BuildingB_Floor2,TypeA
1000,2025-04-09 09:52:16,16.89,51.15,BuildingA_Floor1,TypeA
1031,2025-04-07 07:44:27,21.3,78.78,BuildingB_Floor2,TypeA
1012,2025-04-10 10:39:04,34.79,67.14,BuildingB_Floor1,TypeC
1080,2025-04-07 10:33:57,21.06,48.55,BuildingA_Floor1,TypeA
1080,2025-04-09 01:28:30,16.24,68.66,BuildingA_Floor1,TypeA
1007,2025-04-09 01:47:09,18.09,67.42,BuildingB_Floor1,TypeA
1100,2025-04-06 16:47:37,29.88,58.83,BuildingA_Floor1,TypeA
1064,2025-04-08 05:58:29,19.95,45.9,BuildingB_Floor1,TypeB
1085,2025-04-11 14:35:11,28.48,79.76,BuildingA_Floor2,TypeA
1003,2025-04-10 16:16:25,31.37,52.3,BuildingB_Floor1,TypeB
1097,2025-04-09 14:06:25,15.01,52.42,BuildingB_Floor1,TypeC
1058,2025-04-09 18:32:58,23.81,63.84,BuildingB_Floor1,TypeC
1049,2025-04-08 00:31:53,19.27,49.83,BuildingA_Floor1,TypeA
1077,2025-04-08 22:30:32,30.24,51.4,BuildingA_Floor1,TypeC
1055,2025-04-11 10:21:25,30.72,79.78,BuildingB_Floor2,TypeA
1095,2025-04-07 03:35:49,26.12,47.9,BuildingB_Floor1,TypeC
1086,2025-04-07 09:19:09,31.86,31.18,BuildingA_Floor2,TypeA
1006,2025-04-09 05:43:59,15.88,73.66,BuildingB_Floor1,TypeC
1065,2025-04-10 00:58:30,32.41,38.85,BuildingA_Floor1,TypeA
1005,2025-04-09 23:37:58,25.75,50.66,BuildingB_Floor1,TypeC
1077,2025-04-10 14:37:16,16.48,55.68,BuildingA_Floor1,TypeA
1010,2025-04-11 12:10:56,24.95,34.04,BuildingB_Floor2,TypeC
1060,2025-04-07 19:31:10,29.4,63.37,BuildingA_Floor1,TypeC
1080,2025-04-08 20:24:51,23.96,61.27,BuildingA_Floor2,TypeC
1052,2025-04-11 15:13:28,34.95,44.91,BuildingA_Floor1,TypeC
1056,2025-04-11 02:57:06,19.07,61.45,BuildingA_Floor2,TypeA
1041,2025-04-10 13:15:05,31.25,51.81,BuildingA_Floor2,TypeA
1053,2025-04-10 09:56:15,15.81,74.65,BuildingA_Floor1,TypeC
1093,2025-04-06 17:02:06,19.43,61.46,BuildingA_Floor1,TypeA
1079,2025-04-10 07:12:52,29.33,76.36,BuildingB_Floor2,TypeB
1080,2025-04-08 02:07:01,23.12,54.65,BuildingB_Floor1,TypeB
1033,2025-04-06 22:08:15,27.64,35.96,BuildingB_Floor2,TypeB
1084,2025-04-10 09:49:14,33.56,67.29,BuildingB_Floor1,TypeB
1038,2025-04-10 09:11:19,25.69,34.35,BuildingA_Floor1,TypeA
1068,2025-04-11 12:41:11,15.5,56.92,BuildingA_Floor2,TypeC
1049,2025-04-10 00:38:07,27.72,38.29,BuildingB_Floor2,TypeA
1024,2025-04-10 21:04:37,31.92,77.4,BuildingB_Floor2,TypeB
1042,2025-04-09 11:08:25,18.73,46.6,BuildingA_Floor2,TypeA
1057,2025-04-07 02:00:52,25.38,35.91,BuildingA_Floor2,TypeC
1015,2025-04-08 14:36:20,26.06,73.2,BuildingB_Floor1,TypeA
1072,2025-04-09 23:15:29,27.09,66.9,BuildingB_Floor1,TypeC
1009,2025-04-07 07:13:01,27.52,32.1,BuildingB_Floor1,TypeB
1084,2025-04-10 22:13:30,31.28,61.98,BuildingB_Floor2,TypeB
1023,2025-04-08 07:49:33,21.34,33.51,BuildingB_Floor2,TypeB
1021,2025-04-08 04:34:07,19.16,71.9,BuildingA_Floor2,TypeB
1045,2025-04-11 05:29:22,15.77,50.63,BuildingA_Floor1,TypeA
1071,2025-04-10 23:30:50,23.01,48.2,BuildingB_Floor2,TypeC
1083,2025-04-07 00:22:23,22.59,57.07,BuildingB_Floor2,TypeC
1048,2025-04-09 11:06:10,26.39,37.38,BuildingA_Floor2,TypeC
1015,2025-04-08 14:59:45,25.54,42.34,BuildingB_Floor2,TypeA
1038,2025-04-11 12:34:53,30.45,39.79,BuildingB_Floor2,TypeC
1084,2025-04-09 21:03:35,30.62,31.89,BuildingB_Floor2,TypeC
1079,2025-04-09 09:17:29,33.76,54.84,BuildingB_Floor1,TypeB
1010,2025-04-09 01:35:21,23.07,45.95,BuildingA_Floor1,TypeC
1044,2025-04-07 07:12:30,19.64,36.43,BuildingB_Floor1,TypeA
1064,2025-04-09 05:53:38,20.39,67.1,BuildingA_Floor1,TypeA
1050,2025-04-11 13:59:48,31.36,69.74,BuildingB_Floor2,TypeB
1087,2025-04-06 18:19:25,18.06,69.24,BuildingB_Floor2,TypeB
1035,2025-04-07 06:25:27,32.74,52.62,BuildingB_Floor2,TypeC
1000,2025-04-07 09:06:46,25.1,42.05,BuildingA_Floor1,TypeA
1005,2025-04-08 09:46:53,24.79,70.62,BuildingA_Floor1,TypeB
1011,2025-04-08 15:19:33,23.59,71.58,BuildingA_Floor1,TypeA
1079,2025-04-08 16:48:07,31.64,72.05,BuildingB_Floor1,TypeC
1052,2025-04-09 11:37:53,34.67,59.6,BuildingA_Floor1,TypeC
1074,2025-04-07 05:34:27,34.78,75.32,BuildingA_Floor1,TypeB
1038,2025-04-09 16:42:38,16.9,77.72,BuildingB_Floor2,TypeC
1073,2025-04-06 19:33:05,25.21,79.6,BuildingA_Floor1,TypeB
1078,2025-04-11 09:02:13,20.23,70.68,BuildingB_Floor1,TypeA
1060,2025-04-08 08:48:03,29.12,74.05,BuildingB_Floor2,TypeC
1093,2025-04-08 11:02:39,33.56,47.79,BuildingB_Floor2,TypeB
1009,2025-04-09 13:07:05,26.98,78.72,BuildingA_Floor2,TypeB
1085,2025-04-07 15:55:43,17.86,77.99,BuildingB_Floor1,TypeC
1092,2025-04-09 16:20:56,28.39,56.16,BuildingB_Floor1,TypeA
1090,2025-04-10 03:17:08,19.54,40.11,BuildingB_Floor1,TypeC
1066,2025-04-08 18:10:59,27.83,33.98,BuildingB_Floor1,TypeC
1100,2025-04-07 02:47:24,22.4,54.32,BuildingA_Floor2,TypeB
1068,2025-04-08 18:08:41,21.43,53.71,BuildingB_Floor1,TypeC
1011,2025-04-11 14:42:51,20.97,59.15,BuildingA_Floor1,TypeC
1050,2025-04-08 02:57:48,17.81,32.05,BuildingA_Floor1,TypeA
1084,2025-04-09 05:18:27,27.77,37.73,BuildingB_Floor1,TypeA
1041,2025-04-09 16:04:53,27.14,51.97,BuildingA_Floor2,TypeA
1098,2025-04-07 02:12:56,26.69,47.84,BuildingB_Floor2,TypeC
1048,2025-04-06 22:31:37,26.67,37.83,BuildingA_Floor2,TypeA
1012,2025-04-09 02:44:21,19.65,58.79,BuildingB_Floor1,TypeC
1013,2025-04-06 17:31:48,16.77,52.25,BuildingA_Floor2,TypeA
1005,2025-04-07 07:59:38,15.15,65.45,BuildingA_Floor1,TypeC
1080,2025-04-10 23:51:26,29.55,58.47,BuildingB_Floor1,TypeC
1012,2025-04-06 20:05:13,15.92,37.55,BuildingB_Floor2,TypeB
1017,2025-04-07 15:31:18,32.12,45.37,BuildingA_Floor1,TypeC
1034,2025-04-10 21:16:19,25.79,66.27,BuildingA_Floor2,TypeC
1050,2025-04-10 10:10:57,22.87,78.4,BuildingA_Floor2,TypeA
1099,2025-04-09 21:20:31,15.77,78.58,BuildingB_Floor1,TypeC
1021,2025-04-08 11:14:19,18.04,54.66,BuildingB_Floor2,TypeB
1098,2025-04-08 05:38:32,28.3,37.58,BuildingB_Floor1,TypeB
1020,2025-04-09 06:22:40,30.22,48.44,BuildingA_Floor1,TypeC
1034,2025-04-07 09:31:35,15.69,38.43,BuildingA_Floor2,TypeB
1046,2025-04-07 12:54:03,25.47,73.08,BuildingB_Floor2,TypeB
1033,2025-04-08 18:56:14,23.1,66.44,BuildingA_Floor2,TypeC
1008,2025-04-11 02:15:25,34.85,36.82,BuildingB_Floor1,TypeB
1090,2025-04-09 08:40:13,27.31,35.96,BuildingA_Floor2,TypeB
1075,2025-04-11 06:34:14,33.67,72.78,BuildingA_Floor1,TypeB
1016,2025-04-09 21:27:24,20.35,32.94,BuildingA_Floor2,TypeA
1086,2025-04-11 03:35:51,18.13,60.47,BuildingB_Floor1,TypeB
1070,2025-04-10 04:03:08,16.37,36.25,BuildingB_Floor2,TypeB
1072,2025-04-10 13:28:11,21.03,39.4,BuildingA_Floor2,TypeC
1015,2025-04-09 03:16:49,29.65,31.75,BuildingA_Floor1,TypeA
1091,2025-04-07 18:23:31,28.98,46.26,BuildingB_Floor2,TypeA
1024,2025-04-10 09:26:31,25.26,57.75,BuildingB_Floor2,TypeC
1027,2025-04-06 16:42:54,34.08,36.65,BuildingA_Floor2,TypeA
1007,2025-04-09 15:30:49,34.38,38.9,BuildingB_Floor1,TypeB
1010,2025-04-07 07:02:08,19.01,55.5,BuildingB_Floor2,TypeB
1082,2025-04-07 02:00:30,32.82,43.31,BuildingB_Floor1,TypeC
1020,2025-04-08 01:45:07,18.2,42.51,BuildingB_Floor1,TypeB
1038,2025-04-11 03:51:53,18.9,39.1,BuildingB_Floor2,TypeC
1032,2025-04-09 21:28:52,31.72,78.47,BuildingB_Floor1,TypeC
1079,2025-04-07 01:59:54,21.32,63.02,BuildingB_Floor1,TypeB
1033,2025-04-09 11:24:26,33.8,47.5,BuildingA_Floor2,TypeB
1078,2025-04-06 20:11:50,17.98,55.07,BuildingA_Floor2,TypeC
1038,2025-04-11 13:56:46,29.56,76.69,BuildingB_Floor1,TypeC
1060,2025-04-10 09:38:11,26.26,30.42,BuildingA_Floor2,TypeC
1040,2025-04-07 14:33:16,24.71,39.19,BuildingA_Floor2,TypeC
1077,2025-04-11 08:16:55,27.84,32.82,BuildingA_Floor1,TypeC
1060,2025-04-07 05:38:55,26.12,51.36,BuildingB_Floor1,TypeC
1092,2025-04-08 08:44:53,26.91,37.78,BuildingA_Floor1,TypeB
1020,2025-04-09 21:13:03,15.42,76.92,BuildingA_Floor2,TypeC
1005,2025-04-07 21:57:41,20.93,69.34,BuildingA_Floor1,TypeC
1071,2025-04-10 22:30:17,22.22,53.81,BuildingA_Floor2,TypeC
1083,2025-04-07 06:13:43,33.38,41.43,BuildingB_Floor1,TypeA
1013,2025-04-11 13:15:02,17.75,40.45,BuildingA_Floor1,TypeC
1011,2025-04-10 23:17:44,19.31,73.77,BuildingB_Floor2,TypeA
1006,2025-04-09 13:38:25,32.7,45.12,BuildingA_Floor1,TypeC
1027,2025-04-09 15:54:31,31.91,61.3,BuildingA_Floor1,TypeA
1057,2025-04-09 01:05:27,22.55,59.18,BuildingA_Floor2,TypeB
1034,2025-04-10 21:16:29,18.22,71.5,BuildingB_Floor2,TypeC
1003,2025-04-08 03:55:04,21.66,32.36,BuildingB_Floor2,TypeC
1083,2025-04-11 12:26:53,18.37,69.87,BuildingA_Floor2,TypeA
1014,2025-04-11 01:32:16,28.58,35.85,BuildingB_Floor2,TypeB
1093,2025-04-09 12:42:17,27.24,78.29,BuildingB_Floor1,TypeC
1096,2025-04-08 21:09:47,17.12,42.89,BuildingB_Floor1,TypeB
1028,2025-04-10 04:58:50,25.6,76.55,BuildingA_Floor1,TypeB
1093,2025-04-11 07:07:52,19.7,59.86,BuildingA_Floor1,TypeC
1022,2025-04-07 15:54:57,30.87,71.0,BuildingB_Floor1,TypeA
1093,2025-04-07 18:39:51,27.18,59.15,BuildingA_Floor1,TypeC
1015,2025-04-08 04:29:35,16.34,68.48,BuildingA_Floor2,TypeC
1001,2025-04-10 11:02:03,32.78,65.42,BuildingA_Floor2,TypeB
1050,2025-04-07 03:15:28,16.92,31.73,BuildingA_Floor1,TypeA
1014,2025-04-07 17:17:58,29.32,78.61,BuildingB_Floor1,TypeC
1006,2025-04-07 05:40:47,34.82,55.37,BuildingA_Floor2,TypeB
1025,2025-04-10 20:06:30,19.45,63.92,BuildingA_Floor2,TypeA
1041,2025-04-08 03:01:27,21.11,60.6,BuildingB_Floor2,TypeA
1062,2025-04-10 00:51:47,21.0,39.69,BuildingB_Floor1,TypeB
1080,2025-04-08 04:43:13,26.05,67.07,BuildingA_Floor2,TypeA
1093,2025-04-09 21:58:16,20.01,57.04,BuildingB_Floor2,TypeC
1084,2025-04-06 20:49:16,28.01,56.9,BuildingA_Floor2,TypeB
1086,2025-04-08 12:46:26,29.44,55.2,BuildingA_Floor1,TypeC
1006,2025-04-11 02:22:07,22.05,63.96,BuildingA_Floor1,TypeC
1002,2025-04-08 23:00:54,15.98,63.11,BuildingB_Floor2,TypeC
1030,2025-04-11 07:34:54,34.21,33.04,BuildingA_Floor2,TypeB
1035,2025-04-09 22:54:40,17.56,57.4,BuildingA_Floor1,TypeA
1094,2025-04-07 21:07:32,33.39,69.19,BuildingB_Floor1,TypeA
1014,2025-04-06 20:53:37,15.89,43.61,BuildingB_Floor2,TypeA
1090,2025-04-08 03:40:27,19.38,51.72,BuildingA_Floor1,TypeC
1063,2025-04-09 09:31:36,22.08,76.43,BuildingB_Floor2,TypeB
1044,2025-04-10 05:53:05,23.51,46.22,BuildingA_Floor1,TypeC
1075,2025-04-10 13:48:28,17.49,53.56,BuildingB_Floor1,TypeA
1070,2025-04-06 15:56:20,31.83,45.19,BuildingA_Floor1,TypeA
1046,2025-04-09 01:06:04,20.75,36.59,BuildingA_Floor1,TypeB
1026,2025-04-09 10:15:32,15.0,47.69,BuildingB_Floor2,TypeB
1090,2025-04-08 13:28:25,16.49,43.43,BuildingA_Floor1,TypeA
1089,2025-04-10 17:05:55,31.8,61.48,BuildingB_Floor1,TypeB
1084,2025-04-10 13:09:22,34.63,56.11,BuildingB_Floor1,TypeC
1027,2025-04-08 16:18:34,32.11,31.28,BuildingB_Floor1,TypeA
1085,2025-04-11 09:03:59,23.03,44.66,BuildingB_Floor2,TypeB
1044,2025-04-08 23:36:08,24.38,72.23,BuildingB_Floor2,TypeC
1084,2025-04-10 19:48:00,19.77,77.47,BuildingB_Floor2,TypeA
1050,2025-04-07 20:52:50,29.48,46.31,BuildingA_Floor1,TypeA
1067,2025-04-09 13:44:22,19.57,47.26,BuildingA_Floor2,TypeA
1020,2025-04-07 23:28:59,28.01,64.21,BuildingA_Floor2,TypeC
1031,2025-04-10 10:52:51,22.48,51.27,BuildingB_Floor1,TypeC
1001,2025-04-08 18:35:38,17.65,70.92,BuildingB_Floor1,TypeC
1095,2025-04-10 21:28:21,24.39,38.52,BuildingA_Floor1,TypeB
1022,2025-04-06 19:00:49,17.82,56.18,BuildingA_Floor1,TypeC
1063,2025-04-08 18:33:03,23.16,55.57,BuildingB_Floor2,TypeB
1044,2025-04-08 02:03:07,31.75,51.91,BuildingA_Floor1,TypeA
1032,2025-04-07 15:03:30,20.62,57.76,BuildingB_Floor2,TypeC
1075,2025-04-08 13:33:13,24.98,57.52,BuildingB_Floor2,TypeB
1024,2025-04-08 19:52:22,26.74,47.12,BuildingA_Floor2,TypeC
1050,2025-04-07 12:17:25,23.17,50.93,BuildingA_Floor1,TypeA
1017,2025-04-09 12:03:32,32.26,33.02,BuildingA_Floor2,TypeB
1005,2025-04-09 21:28:10,27.89,79.68,BuildingB_Floor2,TypeA
1082,2025-04-06 20:46:01,16.34,47.32,BuildingA_Floor2,TypeA
1038,2025-04-09 13:08:49,33.94,79.2,BuildingA_Floor2,TypeB
1094,2025-04-09 14:40:56,20.29,41.79,BuildingA_Floor1,TypeC
1039,2025-04-08 06:23:02,26.36,76.8,BuildingB_Floor2,TypeA
1000,2025-04-11 10:25:49,18.95,34.71,BuildingB_Floor2,TypeA
1082,2025-04-11 08:06:25,28.68,48.61,BuildingB_Floor1,TypeB
1012,2025-04-07 15:44:21,31.8,35.88,BuildingB_Floor1,TypeC
1069,2025-04-10 15:29:37,29.44,39.61,BuildingA_Floor1,TypeC
1061,2025-04-10 02:33:51,29.26,53.71,BuildingB_Floor1,TypeB
1067,2025-04-09 16:17:14,18.64,49.44,BuildingB_Floor1,TypeC
1030,2025-04-06 17:41:28,17.25,36.12,BuildingA_Floor1,TypeB
1043,2025-04-09 03:40:58,23.81,50.83,BuildingA_Floor2,TypeC
1084,2025-04-07 03:00:42,23.06,49.68,BuildingA_Floor1,TypeA
1015,2025-04-09 14:25:52,24.25,32.86,BuildingB_Floor2,TypeB
1045,2025-04-07 12:12:34,25.77,45.12,BuildingA_Floor1,TypeB
1031,2025-04-08 03:22:21,23.53,49.88,BuildingA_Floor2,TypeC
1056,2025-04-10 15:54:43,25.23,64.88,BuildingA_Floor1,TypeB
1020,2025-04-11 14:52:20,29.56,66.22,BuildingA_Floor2,TypeA
1018,2025-04-08 08:16:10,24.53,75.43,BuildingA_Floor2,TypeC
1076,2025-04-08 02:16:38,33.19,74.53,BuildingB_Floor1,TypeB
1087,2025-04-11 04:57:00,19.28,49.43,BuildingA_Floor2,TypeB
1021,2025-04-07 01:52:24,19.78,49.19,BuildingB_Floor2,TypeB
1092,2025-04-11 10:48:13,34.87,50.82,BuildingA_Floor2,TypeA
1042,2025-04-06 19:18:42,26.88,42.22,BuildingA_Floor1,TypeC
1090,2025-04-08 02:46:37,21.87,55.97,BuildingA_Floor1,TypeA
1060,2025-04-10 18:42:54,30.21,75.91,BuildingB_Floor2,TypeB
1005,2025-04-08 22:50:17,31.3,70.3,BuildingB_Floor1,TypeA
1071,2025-04-08 12:14:24,33.71,30.05,BuildingB_Floor1,TypeC
1027,2025-04-10 11:17:12,18.88,45.97,BuildingB_Floor1,TypeA
1070,2025-04-09 02:09:00,16.25,31.83,BuildingA_Floor1,TypeA
1088,2025-04-08 06:53:13,24.35,37.46,BuildingA_Floor1,TypeB
1051,2025-04-07 06:48:41,23.99,47.38,BuildingA_Floor1,TypeB
1077,2025-04-06 23:08:42,27.64,44.95,BuildingA_Floor1,TypeB
1021,2025-04-09 07:18:36,28.97,77.88,BuildingA_Floor1,TypeA
1076,2025-04-09 05:33:45,24.63,55.41,BuildingA_Floor1,TypeB
1079,2025-04-08 20:32:41,24.74,56.33,BuildingB_Floor2,TypeB
1069,2025-04-10 07:57:27,17.18,37.34,BuildingA_Floor2,TypeA
1029,2025-04-06 19:07:41,24.96,43.05,BuildingB_Floor1,TypeC
1019,2025-04-07 19:37:13,27.94,39.29,BuildingB_Floor2,TypeB
1017,2025-04-10 23:13:47,28.89,51.46,BuildingB_Floor1,TypeB
1036,2025-04-09 04:26:55,25.17,63.02,BuildingB_Floor1,TypeB
1083,2025-04-11 10:26:45,25.51,33.86,BuildingA_Floor2,TypeB
1034,2025-04-08 21:20:17,24.26,56.85,BuildingA_Floor2,TypeC
1022,2025-04-10 10:33:32,20.86,73.99,BuildingA_Floor1,TypeA
1093,2025-04-07 05:21:02,22.9,52.42,BuildingA_Floor1,TypeC
1058,2025-04-08 14:53:41,34.67,32.21,BuildingB_Floor1,TypeB
1019,2025-04-07 01:40:51,19.88,61.38,BuildingA_Floor2,TypeB
1096,2025-04-08 21:00:40,22.18,65.05,BuildingA_Floor1,TypeC
1083,2025-04-11 00:59:39,26.39,78.26,BuildingB_Floor2,TypeB
1025,2025-04-10 20:36:48,15.55,38.26,BuildingA_Floor1,TypeC
1039,2025-04-09 12:01:12,28.98,68.06,BuildingB_Floor2,TypeC
1080,2025-04-08 18:40:37,29.09,75.86,BuildingA_Floor2,TypeC
1013,2025-04-10 04:05:49,31.39,30.29,BuildingA_Floor2,TypeB
1012,2025-04-09 15:16:36,34.31,79.51,BuildingA_Floor2,TypeB
1092,2025-04-08 22:12:39,15.72,55.48,BuildingA_Floor1,TypeA
1066,2025-04-08 11:49:20,21.75,59.49,BuildingA_Floor2,TypeA
1071,2025-04-11 14:13:12,20.03,40.8,BuildingB_Floor2,TypeA
1005,2025-04-10 03:37:58,27.05,77.03,BuildingB_Floor2,TypeC
1025,2025-04-06 23:06:45,24.63,78.12,BuildingB_Floor1,TypeC
1094,2025-04-11 09:40:24,30.79,41.8,BuildingB_Floor2,TypeB
1006,2025-04-07 10:03:01,20.05,41.78,BuildingA_Floor2,TypeC
1010,2025-04-11 11:49:29,18.97,48.85,BuildingA_Floor1,TypeC
1046,2025-04-06 20:40:33,24.32,41.41,BuildingB_Floor2,TypeB
1083,2025-04-08 11:35:16,18.88,42.89,BuildingB_Floor2,TypeA
1045,2025-04-07 15:22:26,17.7,57.74,BuildingB_Floor1,TypeC
1035,2025-04-11 11:50:22,23.94,70.46,BuildingB_Floor1,TypeA
1004,2025-04-09 15:58:31,15.66,60.97,BuildingA_Floor2,TypeB
1009,2025-04-07 08:39:58,25.26,69.49,BuildingA_Floor2,TypeC
1011,2025-04-07 00:16:42,18.14,53.51,BuildingA_Floor1,TypeC
1081,2025-04-09 02:33:03,20.22,79.9,BuildingB_Floor1,TypeC
1084,2025-04-09 09:58:13,22.42,62.51,BuildingB_Floor2,TypeC
1039,2025-04-07 17:30:06,30.93,76.03,BuildingB_Floor1,TypeA
1068,2025-04-09 04:21:23,17.64,54.65,BuildingB_Floor2,TypeB
1059,2025-04-08 04:39:23,33.7,33.05,BuildingB_Floor2,TypeC
1015,2025-04-08 03:13:52,33.66,75.82,BuildingA_Floor2,TypeA
1087,2025-04-09 17:57:00,30.17,39.3,BuildingB_Floor2,TypeA
1087,2025-04-08 02:19:43,21.57,54.6,BuildingB_Floor1,TypeB
1080,2025-04-10 19:10:27,27.72,45.11,BuildingB_Floor2,TypeA
1033,2025-04-07 10:46:51,16.9,67.03,BuildingB_Floor2,TypeB
1052,2025-04-09 00:21:59,34.05,35.35,BuildingB_Floor1,TypeA
1030,2025-04-07 14:23:03,23.47,36.4,BuildingA_Floor2,TypeA
1062,2025-04-09 18:07:00,28.61,42.72,BuildingB_Floor2,TypeC
1028,2025-04-07 08:09:40,28.52,53.58,BuildingB_Floor2,TypeB
1097,2025-04-08 01:36:05,22.19,59.03,BuildingA_Floor2,TypeB
1049,2025-04-08 13:10:09,23.76,63.88,BuildingB_Floor1,TypeC
1059,2025-04-09 16:21:04,22.31,71.18,BuildingB_Floor2,TypeB
1068,2025-04-11 14:03:09,17.86,65.22,BuildingB_Floor1,TypeA
1091,2025-04-10 21:17:35,28.8,38.75,BuildingA_Floor2,TypeA
1060,2025-04-08 00:53:25,28.65,33.39,BuildingB_Floor2,TypeB
1032,2025-04-10 11:32:46,29.12,40.07,BuildingA_Floor2,TypeB
1004,2025-04-07 06:52:44,25.46,55.86,BuildingB_Floor2,TypeB
1083,2025-04-07 05:24:34,21.18,48.0,BuildingA_Floor2,TypeB
1041,2025-04-11 13:06:20,23.6,43.82,BuildingB_Floor1,TypeA
1053,2025-04-08 23:52:50,16.81,79.61,BuildingB_Floor2,TypeB
1078,2025-04-10 06:35:46,34.37,72.43,BuildingA_Floor1,TypeB
1044,2025-04-08 19:56:28,29.78,62.82,BuildingB_Floor2,TypeA
1066,2025-04-10 14:55:06,19.14,49.62,BuildingB_Floor2,TypeC
1069,2025-04-09 05:09:19,22.64,48.61,BuildingB_Floor1,TypeC
1010,2025-04-08 04:53:17,26.31,54.27,BuildingA_Floor2,TypeC
1096,2025-04-09 23:18:24,25.0,70.98,BuildingB_Floor1,TypeC
1043,2025-04-07 03:05:22,20.07,61.16,BuildingA_Floor1,TypeC
1067,2025-04-09 03:33:46,32.32,30.01,BuildingA_Floor1,TypeB
1009,2025-04-07 00:47:54,16.6,33.63,BuildingA_Floor1,TypeA
1077,2025-04-07 20:27:42,24.59,68.06,BuildingA_Floor2,TypeB
1037,2025-04-09 14:49:54,28.49,63.8,BuildingB_Floor1,TypeB
1042,2025-04-11 05:58:40,28.56,60.8,BuildingB_Floor2,TypeA
1066,2025-04-09 23:46:57,23.43,44.59,BuildingB_Floor2,TypeB
1076,2025-04-08 00:59:29,29.0,52.67,BuildingB_Floor2,TypeB
1052,2025-04-07 17:19:23,16.16,48.68,BuildingB_Floor1,TypeB
1025,2025-04-07 11:14:57,25.62,54.95,BuildingB_Floor1,TypeB
1096,2025-04-11 08:50:37,18.65,34.18,BuildingB_Floor1,TypeA
1060,2025-04-08 09:05:07,24.38,37.12,BuildingA_Floor2,TypeC
1023,2025-04-07 00:27:58,28.15,54.41,BuildingB_Floor1,TypeC
1001,2025-04-07 12:26:17,20.29,65.42,BuildingA_Floor1,TypeC
1010,2025-04-07 13:52:02,18.25,61.01,BuildingA_Floor1,TypeC
1055,2025-04-08 12:24:00,32.43,68.85,BuildingA_Floor2,TypeC
1020,2025-04-10 03:20:56,15.57,72.68,BuildingB_Floor2,TypeA
1048,2025-04-10 20:28:37,34.31,54.04,BuildingB_Floor2,TypeC
1074,2025-04-08 13:11:43,21.15,32.86,BuildingB_Floor2,TypeC
1081,2025-04-10 13:33:26,33.12,43.37,BuildingB_Floor1,TypeB
1052,2025-04-10 13:51:01,23.94,50.46,BuildingA_Floor2,TypeA
1022,2025-04-09 05:17:14,28.42,52.22,BuildingA_Floor2,TypeC
1087,2025-04-10 17:10:34,19.78,68.92,BuildingA_Floor2,TypeB
1003,2025-04-08 00:50:51,33.24,71.41,BuildingA_Floor2,TypeB
1067,2025-04-08 00:42:58,33.0,36.72,BuildingA_Floor1,TypeC
1099,2025-04-10 08:37:18,32.96,37.64,BuildingB_Floor2,TypeB
1047,2025-04-07 17:20:22,17.31,74.25,BuildingB_Floor1,TypeB
1049,2025-04-11 00:31:08,31.23,62.96,BuildingB_Floor2,TypeC
1043,2025-04-10 14:09:50,16.75,58.21,BuildingA_Floor1,TypeB
1061,2025-04-10 07:08:05,30.79,45.32,BuildingB_Floor2,TypeA
1099,2025-04-11 07:45:31,22.41,47.55,BuildingA_Floor2,TypeC
1085,2025-04-09 10:46:39,15.53,45.5,BuildingB_Floor2,TypeB
1040,2025-04-08 03:47:54,31.93,61.39,BuildingB_Floor2,TypeB
1039,2025-04-08 22:26:09,24.2,38.51,BuildingB_Floor2,TypeC
1075,2025-04-10 03:26:12,33.66,44.07,BuildingB_Floor1,TypeC
1018,2025-04-08 18:25:33,32.52,53.07,BuildingB_Floor1,TypeB
1090,2025-04-07 23:46:09,26.12,55.06,BuildingA_Floor1,TypeB
1048,2025-04-10 10:50:05,20.26,74.97,BuildingB_Floor1,TypeA
1085,2025-04-06 17:11:40,18.06,59.82,BuildingA_Floor1,TypeC
1077,2025-04-08 10:50:55,25.71,65.08,BuildingB_Floor1,TypeB
1060,2025-04-07 06:09:41,29.21,42.87,BuildingB_Floor1,TypeA
1046,2025-04-09 17:35:48,16.21,48.36,BuildingA_Floor1,TypeB
1062,2025-04-10 17:37:16,24.8,55.76,BuildingA_Floor1,TypeA
1075,2025-04-09 21:34:14,33.22,47.86,BuildingA_Floor2,TypeC
1079,2025-04-10 23:46:12,23.61,36.45,BuildingA_Floor1,TypeC
1015,2025-04-10 15:06:14,23.86,59.6,BuildingB_Floor2,TypeA
1081,2025-04-07 08:59:35,30.27,69.38,BuildingA_Floor2,TypeC
1036,2025-04-07 20:10:34,21.89,39.65,BuildingB_Floor1,TypeB
1046,2025-04-07 23:58:09,34.02,72.29,BuildingB_Floor2,TypeB
1041,2025-04-10 06:47:23,28.71,48.19,BuildingA_Floor2,TypeB
1053,2025-04-10 19:28:43,17.15,32.96,BuildingA_Floor1,TypeC
1095,2025-04-10 03:05:37,18.78,44.66,BuildingA_Floor2,TypeB
1035,2025-04-11 04:32:45,20.85,48.32,BuildingB_Floor2,TypeB
1073,2025-04-08 05:19:20,28.96,40.89,BuildingB_Floor1,TypeB
1036,2025-04-07 23:48:52,18.0,63.5,BuildingB_Floor2,TypeC
1000,2025-04-06 21:31:58,18.96,71.55,BuildingA_Floor2,TypeC
1035,2025-04-10 03:48:14,26.1,74.99,BuildingB_Floor1,TypeB
1063,2025-04-06 20:25:51,19.99,32.77,BuildingA_Floor1,TypeA
1032,2025-04-10 10:51:30,24.6,46.34,BuildingA_Floor1,TypeB
1000,2025-04-07 19:33:32,18.95,47.92,BuildingA_Floor2,TypeC
1060,2025-04-08 18:11:03,32.95,30.35,BuildingA_Floor1,TypeA
1004,2025-04-11 02:57:15,24.86,41.86,BuildingB_Floor1,TypeA
1036,2025-04-08 12:46:19,29.27,59.65,BuildingA_Floor1,TypeA
1054,2025-04-07 04:45:41,17.13,45.96,BuildingB_Floor2,TypeA
1086,2025-04-08 12:10:26,25.05,67.51,BuildingB_Floor2,TypeA
1098,2025-04-11 03:19:34,32.93,73.04,BuildingA_Floor1,TypeA
1018,2025-04-09 07:19:44,26.81,78.22,BuildingB_Floor2,TypeB
1085,2025-04-07 03:40:32,23.46,41.27,BuildingA_Floor2,TypeC
1054,2025-04-09 03:06:46,21.44,31.96,BuildingA_Floor1,TypeC
1034,2025-04-06 16:22:52,20.78,68.36,BuildingB_Floor1,TypeA
1063,2025-04-09 02:29:58,16.43,68.76,BuildingB_Floor2,TypeC
1054,2025-04-07 20:26:33,18.24,76.24,BuildingB_Floor1,TypeA
1056,2025-04-10 13:48:19,19.96,40.99,BuildingA_Floor1,TypeA
1064,2025-04-07 05:22:29,22.6,73.35,BuildingA_Floor2,TypeC
1007,2025-04-08 06:56:47,27.87,53.36,BuildingB_Floor2,TypeA
1083,2025-04-07 17:45:58,23.29,56.95,BuildingB_Floor1,TypeC
1089,2025-04-09 21:30:31,27.42,58.48,BuildingA_Floor2,TypeA
1066,2025-04-10 14:48:44,31.22,38.54,BuildingB_Floor2,TypeB
1068,2025-04-10 03:40:23,25.83,49.24,BuildingB_Floor2,TypeB
1020,2025-04-08 14:05:58,33.55,67.05,BuildingA_Floor1,TypeC
1056,2025-04-11 03:01:03,32.49,42.06,BuildingA_Floor2,TypeC
1029,2025-04-08 03:31:14,33.99,57.29,BuildingA_Floor2,TypeB
1063,2025-04-08 20:04:05,27.23,32.88,BuildingB_Floor2,TypeA
1080,2025-04-06 19:23:04,16.88,47.54,BuildingA_Floor2,TypeA
1007,2025-04-10 06:02:47,20.39,40.85,BuildingA_Floor2,TypeB
1047,2025-04-08 10:44:19,34.69,57.88,BuildingA_Floor2,TypeB
1038,2025-04-09 23:26:20,21.54,53.54,BuildingB_Floor2,TypeC
1033,2025-04-10 18:31:22,26.17,79.0,BuildingB_Floor2,TypeA
1060,2025-04-08 08:01:15,25.97,77.14,BuildingA_Floor1,TypeB
1083,2025-04-11 06:27:51,23.54,49.77,BuildingB_Floor2,TypeB
1097,2025-04-09 16:26:28,17.48,73.25,BuildingB_Floor2,TypeA
1020,2025-04-09 16:51:45,19.21,47.34,BuildingA_Floor2,TypeC
1040,2025-04-09 10:17:29,22.8,55.46,BuildingA_Floor2,TypeC
1092,2025-04-09 08:26:09,18.85,72.33,BuildingB_Floor1,TypeA
1022,2025-04-10 10:56:08,31.35,34.88,BuildingB_Floor2,TypeC
1074,2025-04-07 22:21:55,18.43,41.8,BuildingB_Floor2,TypeB
1026,2025-04-08 15:28:03,30.22,77.07,BuildingA_Floor2,TypeC
1065,2025-04-10 11:29:36,26.92,72.08,BuildingA_Floor2,TypeB
1078,2025-04-10 17:05:57,32.79,63.36,BuildingA_Floor1,TypeC
1087,2025-04-09 16:40:46,33.0,69.26,BuildingB_Floor1,TypeB
1025,2025-04-07 16:38:49,30.25,38.32,BuildingA_Floor2,TypeC
1020,2025-04-11 05:38:38,25.43,30.19,BuildingA_Floor2,TypeC
1055,2025-04-11 15:05:31,30.5,68.82,BuildingA_Floor1,TypeB
1061,2025-04-07 12:58:41,22.51,52.99,BuildingA_Floor2,TypeC
1020,2025-04-10 17:36:03,32.75,69.4,BuildingA_Floor1,TypeB
1000,2025-04-09 18:41:11,19.64,70.95,BuildingB_Floor1,TypeA
1060,2025-04-08 13:36:48,17.92,36.48,BuildingA_Floor1,TypeB
1011,2025-04-11 01:25:27,33.87,48.63,BuildingA_Floor2,TypeA
1032,2025-04-07 11:28:26,25.39,67.11,BuildingB_Floor2,TypeB
1044,2025-04-10 19:28:08,30.23,68.0,BuildingB_Floor1,TypeA
1078,2025-04-10 03:22:07,32.1,79.21,BuildingB_Floor2,TypeA
1015,2025-04-09 20:36:28,25.74,36.06,BuildingA_Floor2,TypeA
1079,2025-04-07 14:18:55,22.97,36.07,BuildingA_Floor2,TypeB
1070,2025-04-11 01:43:04,22.97,33.26,BuildingB_Floor2,TypeA
1076,2025-04-09 13:10:45,21.31,44.34,BuildingB_Floor2,TypeA
1021,2025-04-08 00:52:57,34.85,66.22,BuildingA_Floor2,TypeC
1052,2025-04-11 00:30:42,27.15,56.1,BuildingA_Floor2,TypeA
1036,2025-04-07 14:42:51,25.78,47.49,BuildingB_Floor2,TypeA
1054,2025-04-08 17:07:25,25.08,55.83,BuildingA_Floor1,TypeA
1026,2025-04-07 04:42:40,28.56,43.16,BuildingB_Floor1,TypeA
1035,2025-04-09 05:19:08,33.07,39.97,BuildingB_Floor2,TypeB
1082,2025-04-08 06:07:37,21.35,63.67,BuildingA_Floor2,TypeA
1046,2025-04-10 01:03:18,20.01,49.66,BuildingB_Floor2,TypeA
1073,2025-04-09 05:41:11,30.78,71.15,BuildingB_Floor1,TypeA
1083,2025-04-06 19:54:06,17.81,35.16,BuildingB_Floor2,TypeC
1011,2025-04-08 00:08:39,26.33,74.89,BuildingB_Floor2,TypeC
1027,2025-04-06 15:39:23,29.42,30.56,BuildingB_Floor2,TypeA
1056,2025-04-09 07:48:02,28.73,49.1,BuildingB_Floor1,TypeC
1098,2025-04-09 08:17:47,21.02,56.9,BuildingB_Floor2,TypeC
1054,2025-04-08 22:46:16,18.97,66.62,BuildingB_Floor2,TypeB
1051,2025-04-08 18:56:09,20.66,35.9,BuildingB_Floor1,TypeA
1016,2025-04-08 22:20:47,34.2,63.82,BuildingA_Floor1,TypeB
1020,2025-04-10 13:28:00,16.96,69.12,BuildingA_Floor1,TypeC
1063,2025-04-10 21:16:30,30.69,32.06,BuildingA_Floor1,TypeC
1088,2025-04-08 08:59:59,33.75,37.58,BuildingB_Floor2,TypeA
1057,2025-04-09 11:53:39,27.9,41.04,BuildingB_Floor2,TypeA
1076,2025-04-09 10:49:13,17.89,61.42,BuildingA_Floor2,TypeC
1089,2025-04-07 22:28:18,27.77,65.15,BuildingB_Floor2,TypeB
1003,2025-04-09 22:25:27,32.78,62.16,BuildingA_Floor2,TypeB
1030,2025-04-06 22:32:44,20.9,32.61,BuildingA_Floor2,TypeC
1069,2025-04-11 10:26:19,21.49,31.47,BuildingA_Floor1,TypeC
1079,2025-04-08 11:18:09,21.14,48.72,BuildingB_Floor2,TypeA
1018,2025-04-11 01:33:21,17.09,38.61,BuildingB_Floor1,TypeC
1100,2025-04-08 03:49:14,22.92,37.99,BuildingA_Floor2,TypeC
1090,2025-04-11 00:51:13,23.0,79.5,BuildingA_Floor1,TypeA
1040,2025-04-07 17:27:02,25.7,69.66,BuildingA_Floor1,TypeB
1029,2025-04-09 21:41:36,31.01,36.82,BuildingB_Floor2,TypeB
1069,2025-04-10 15:55:55,24.77,67.07,BuildingA_Floor2,TypeA
1008,2025-04-10 05:48:00,31.73,64.2,BuildingB_Floor2,TypeB
1092,2025-04-08 14:13:45,32.97,39.55,BuildingA_Floor1,TypeA
1058,2025-04-08 11:58:57,25.52,44.17,BuildingB_Floor1,TypeA
1043,2025-04-09 10:58:38,32.83,73.66,BuildingB_Floor1,TypeA
1038,2025-04-07 04:04:53,26.42,57.45,BuildingB_Floor2,TypeA
1042,2025-04-06 17:49:29,33.71,34.48,BuildingA_Floor1,TypeB
1096,2025-04-09 23:47:36,23.12,73.88,BuildingB_Floor2,TypeB
1070,2025-04-07 09:02:55,30.77,55.24,BuildingA_Floor2,TypeC
1020,2025-04-09 13:50:11,33.58,38.38,BuildingB_Floor1,TypeC
1096,2025-04-11 10:55:27,21.62,49.0,BuildingA_Floor2,TypeC
1072,2025-04-10 12:21:59,28.56,72.15,BuildingA_Floor1,TypeB
1092,2025-04-08 07:58:38,34.91,47.77,BuildingA_Floor1,TypeC
1075,2025-04-06 17:34:17,21.01,76.35,BuildingB_Floor2,TypeC
1068,2025-04-07 08:10:03,32.2,37.49,BuildingB_Floor1,TypeC
1029,2025-04-10 09:52:32,26.79,48.79,BuildingA_Floor1,TypeC
1024,2025-04-07 19:24:00,32.54,68.65,BuildingA_Floor2,TypeB
1081,2025-04-09 23:47:17,17.98,45.5,BuildingB_Floor2,TypeC
1068,2025-04-08 03:45:24,22.83,39.34,BuildingB_Floor2,TypeB
1095,2025-04-07 03:12:56,34.73,57.62,BuildingB_Floor2,TypeC
1013,2025-04-07 04:36:25,20.4,31.27,BuildingB_Floor2,TypeA
1088,2025-04-07 17:59:31,29.08,77.3,BuildingA_Floor1,TypeC
1070,2025-04-11 11:58:54,26.05,51.04,BuildingA_Floor2,TypeC
1087,2025-04-10 23:11:59,34.83,71.39,BuildingA_Floor1,TypeB
1044,2025-04-07 22:40:15,20.19,56.4,BuildingA_Floor1,TypeA
1052,2025-04-10 14:20:56,18.74,50.04,BuildingB_Floor2,TypeA
1071,2025-04-10 17:30:28,18.87,77.53,BuildingB_Floor1,TypeC
1007,2025-04-09 19:37:54,18.29,62.99,BuildingA_Floor1,TypeA
1007,2025-04-10 19:14:07,26.76,70.77,BuildingB_Floor2,TypeC
1039,2025-04-07 04:29:30,27.93,62.32,BuildingA_Floor1,TypeB
1025,2025-04-06 20:26:31,21.01,32.62,BuildingA_Floor1,TypeB
1002,2025-04-08 04:44:58,25.66,61.91,BuildingA_Floor2,TypeA
1061,2025-04-07 02:20:41,26.34,79.3,BuildingB_Floor2,TypeC
1070,2025-04-07 23:47:05,20.01,78.97,BuildingB_Floor2,TypeC
1016,2025-04-07 14:35:35,25.83,75.76,BuildingB_Floor2,TypeA
1015,2025-04-08 06:48:06,34.46,68.71,BuildingA_Floor2,TypeB
1049,2025-04-08 19:48:52,15.48,44.49,BuildingB_Floor1,TypeA
1091,2025-04-07 12:49:08,29.87,71.71,BuildingB_Floor1,TypeA
1009,2025-04-08 09:30:12,21.38,69.25,BuildingB_Floor1,TypeA
1045,2025-04-08 03:10:37,25.86,41.53,BuildingA_Floor2,TypeB
1065,2025-04-06 22:42:23,30.64,64.85,BuildingB_Floor2,TypeA
1058,2025-04-06 23:11:35,20.73,45.33,BuildingA_Floor1,TypeB
1049,2025-04-10 12:27:58,20.22,35.71,BuildingB_Floor1,TypeA
1097,2025-04-10 02:00:11,34.31,49.19,BuildingB_Floor2,TypeC
1049,2025-04-10 07:51:03,31.41,64.76,BuildingA_Floor2,TypeB
1016,2025-04-08 08:09:05,34.54,54.44,BuildingB_Floor1,TypeA
1049,2025-04-11 04:37:47,23.06,54.69,BuildingA_Floor1,TypeC
1040,2025-04-07 07:22:22,20.94,35.36,BuildingB_Floor2,TypeA
1064,2025-04-08 15:07:23,22.64,78.69,BuildingA_Floor1,TypeA
1095,2025-04-08 15:24:30,25.42,48.56,BuildingB_Floor1,TypeA
1096,2025-04-10 11:22:31,15.8,43.06,BuildingA_Floor1,TypeB
1053,2025-04-09 12:56:26,25.82,52.49,BuildingA_Floor1,TypeC
1020,2025-04-07 16:10:40,24.67,69.71,BuildingA_Floor2,TypeA
1019,2025-04-08 17:11:22,30.16,48.39,BuildingB_Floor2,TypeB
1015,2025-04-08 01:57:51,20.53,41.98,BuildingB_Floor1,TypeA
1059,2025-04-09 00:53:57,28.39,55.56,BuildingB_Floor1,TypeC
1050,2025-04-07 05:07:23,34.78,35.46,BuildingA_Floor1,TypeA
1023,2025-04-08 05:13:40,30.61,71.67,BuildingB_Floor2,TypeA
1044,2025-04-08 04:26:51,25.98,32.58,BuildingA_Floor2,TypeB
1007,2025-04-08 13:43:18,33.4,77.14,BuildingB_Floor2,TypeA
1045,2025-04-11 15:21:09,27.14,42.04,BuildingB_Floor1,TypeA
1075,2025-04-10 14:26:18,22.67,34.16,BuildingB_Floor2,TypeB
1026,2025-04-07 11:42:25,24.5,37.99,BuildingA_Floor2,TypeC
1002,2025-04-07 03:32:56,15.51,52.9,BuildingB_Floor2,TypeB
1006,2025-04-06 19:35:07,21.39,69.39,BuildingA_Floor2,TypeA
1058,2025-04-10 00:45:01,25.33,75.82,BuildingA_Floor1,TypeA
1031,2025-04-10 13:05:28,32.76,34.53,BuildingA_Floor1,TypeB
1054,2025-04-11 12:50:00,15.97,66.08,BuildingA_Floor2,TypeB
1030,2025-04-07 22:38:40,24.62,34.99,BuildingA_Floor1,TypeB
1023,2025-04-09 01:14:08,30.78,64.74,BuildingB_Floor2,TypeC
1040,2025-04-11 15:06:41,26.96,30.98,BuildingB_Floor1,TypeC
1061,2025-04-08 17:55:42,15.13,72.18,BuildingB_Floor1,TypeB
1058,2025-04-09 06:28:12,22.59,57.08,BuildingA_Floor2,TypeA
1046,2025-04-07 20:33:56,33.06,59.54,BuildingB_Floor1,TypeB
1083,2025-04-07 14:03:04,19.84,54.26,BuildingA_Floor2,TypeC
1035,2025-04-10 21:55:06,21.21,59.29,BuildingB_Floor2,TypeA
1023,2025-04-07 01:17:20,26.52,32.93,BuildingA_Floor2,TypeA
1026,2025-04-09 18:57:48,24.99,54.57,BuildingB_Floor1,TypeB
1051,2025-04-07 22:44:18,21.43,34.39,BuildingB_Floor1,TypeB
1029,2025-04-06 22:04:00,22.12,68.22,BuildingB_Floor2,TypeB
1072,2025-04-11 02:01:17,25.53,56.37,BuildingB_Floor1,TypeB
1000,2025-04-10 08:51:50,27.55,76.26,BuildingA_Floor2,TypeB
1034,2025-04-11 06:22:36,34.14,76.84,BuildingA_Floor1,TypeC
1035,2025-04-10 05:05:38,18.92,47.63,BuildingA_Floor2,TypeC
1060,2025-04-09 05:36:33,16.36,51.66,BuildingB_Floor2,TypeA
1033,2025-04-11 05:11:36,25.18,49.68,BuildingB_Floor1,TypeA
1025,2025-04-09 12:28:27,17.98,52.02,BuildingA_Floor1,TypeA
1048,2025-04-10 17:03:56,20.5,55.25,BuildingB_Floor2,TypeC
1008,2025-04-10 13:24:57,25.32,58.32,BuildingA_Floor2,TypeC
1076,2025-04-10 03:55:44,22.08,77.38,BuildingB_Floor2,TypeC
1075,2025-04-10 16:10:45,20.44,34.93,BuildingA_Floor1,TypeC
1076,2025-04-07 00:54:32,32.54,48.31,BuildingB_Floor1,TypeA
1065,2025-04-09 23:59:52,21.56,49.97,BuildingB_Floor1,TypeB
1093,2025-04-10 06:29:51,16.2,52.13,BuildingA_Floor1,TypeC
1032,2025-04-08 02:41:37,25.19,37.12,BuildingB_Floor2,TypeB
1021,2025-04-08 20:38:25,31.23,30.49,BuildingB_Floor1,TypeB
1013,2025-04-10 15:49:38,34.79,34.6,BuildingA_Floor1,TypeC
1048,2025-04-11 10:52:28,30.42,44.25,BuildingA_Floor1,TypeB
1045,2025-04-10 13:37:34,33.88,77.55,BuildingA_Floor1,TypeB
1068,2025-04-07 16:36:45,28.66,44.68,BuildingA_Floor2,TypeB
1010,2025-04-07 03:58:16,22.09,77.35,BuildingA_Floor1,TypeB
1017,2025-04-10 22:30:14,34.51,37.28,BuildingA_Floor1,TypeB
1062,2025-04-08 20:00:02,25.41,55.02,BuildingB_Floor2,TypeA
1070,2025-04-07 00:05:25,25.66,70.43,BuildingB_Floor2,TypeC
1077,2025-04-09 16:06:48,18.66,43.96,BuildingB_Floor1,TypeB
1097,2025-04-09 15:58:30,26.15,48.56,BuildingA_Floor1,TypeA
1014,2025-04-08 21:20:15,15.09,54.64,BuildingA_Floor1,TypeC
1006,2025-04-10 06:28:27,29.65,63.22,BuildingB_Floor2,TypeB
1000,2025-04-10 14:57:32,28.26,60.55,BuildingA_Floor2,TypeB
1073,2025-04-07 14:07:17,16.93,54.71,BuildingB_Floor2,TypeC
1047,2025-04-07 23:21:34,20.6,63.62,BuildingB_Floor2,TypeB
1017,2025-04-10 12:36:21,18.63,78.69,BuildingA_Floor1,TypeC
1033,2025-04-09 19:23:41,20.16,42.34,BuildingA_Floor2,TypeA
1093,2025-04-06 18:04:43,17.78,74.19,BuildingB_Floor1,TypeC
1065,2025-04-08 03:38:22,24.67,79.53,BuildingA_Floor1,TypeC
1013,2025-04-10 01:21:59,26.32,64.38,BuildingA_Floor2,TypeC
1030,2025-04-07 16:14:35,27.17,68.69,BuildingA_Floor1,TypeB
1093,2025-04-07 00:17:29,22.17,38.77,BuildingA_Floor1,TypeA
1084,2025-04-07 09:10:13,23.64,42.81,BuildingB_Floor2,TypeB
1004,2025-04-08 06:53:42,21.71,47.44,BuildingB_Floor1,TypeB
1088,2025-04-09 19:57:29,25.42,51.46,BuildingB_Floor2,TypeB
1095,2025-04-08 11:14:24,22.18,60.3,BuildingB_Floor1,TypeA
1094,2025-04-09 09:11:27,30.12,40.47,BuildingA_Floor1,TypeB
1027,2025-04-10 02:18:03,16.26,60.3,BuildingA_Floor1,TypeC
1071,2025-04-08 17:04:44,23.5,45.76,BuildingB_Floor1,TypeC
1096,2025-04-09 00:54:17,20.44,57.82,BuildingB_Floor1,TypeC
1026,2025-04-11 02:14:24,15.89,66.01,BuildingA_Floor1,TypeC
1009,2025-04-07 22:28:58,15.9,50.45,BuildingA_Floor2,TypeB
1092,2025-04-10 03:02:22,31.12,38.14,BuildingB_Floor1,TypeA
1017,2025-04-11 13:59:56,32.77,32.65,BuildingB_Floor1,TypeC
1050,2025-04-11 12:02:44,30.37,63.88,BuildingB_Floor1,TypeB
1043,2025-04-11 03:51:10,29.25,61.5,BuildingA_Floor2,TypeC
1073,2025-04-10 16:11:55,23.93,57.97,BuildingA_Floor2,TypeB
1038,2025-04-08 16:56:29,18.58,37.1,BuildingA_Floor2,TypeA
1078,2025-04-09 04:28:46,29.57,36.75,BuildingA_Floor1,TypeC
1023,2025-04-06 18:40:57,31.49,53.51,BuildingA_Floor2,TypeC
1025,2025-04-09 07:16:22,23.49,54.5,BuildingA_Floor1,TypeB
1098,2025-04-07 19:24:04,33.57,66.04,BuildingA_Floor1,TypeB
1052,2025-04-10 02:04:25,28.72,35.43,BuildingB_Floor1,TypeA
1066,2025-04-08 05:52:08,21.73,73.03,BuildingB_Floor1,TypeA
1032,2025-04-09 09:15:01,18.02,50.49,BuildingA_Floor1,TypeC
1045,2025-04-10 19:23:37,22.52,69.63,BuildingB_Floor2,TypeA
1031,2025-04-09 23:03:49,29.07,62.12,BuildingB_Floor1,TypeC
1010,2025-04-07 09:01:57,31.58,60.13,BuildingA_Floor1,TypeC
1022,2025-04-09 18:33:31,27.68,34.01,BuildingA_Floor2,TypeC
1052,2025-04-09 17:27:15,22.87,62.38,BuildingB_Floor1,TypeC
1045,2025-04-08 16:41:02,22.53,35.47,BuildingA_Floor1,TypeC
1053,2025-04-11 01:18:05,19.57,31.77,BuildingB_Floor1,TypeC
1067,2025-04-09 20:55:38,16.08,71.65,BuildingB_Floor2,TypeC
1096,2025-04-11 03:11:42,22.64,74.71,BuildingB_Floor1,TypeA
1023,2025-04-07 19:01:59,31.34,44.74,BuildingA_Floor2,TypeC
1068,2025-04-07 22:55:38,29.4,48.56,BuildingA_Floor2,TypeB
1045,2025-04-07 08:18:30,16.46,78.11,BuildingA_Floor1,TypeA
1016,2025-04-07 10:33:23,27.52,76.84,BuildingB_Floor2,TypeA
1085,2025-04-09 22:53:37,34.32,50.5,BuildingB_Floor1,TypeB
1051,2025-04-09 13:34:05,32.99,72.25,BuildingA_Floor1,TypeC
1077,2025-04-07 08:44:27,23.0,60.26,BuildingA_Floor1,TypeB
1009,2025-04-11 07:34:50,34.95,51.68,BuildingA_Floor2,TypeB
1071,2025-04-07 09:14:09,31.23,32.42,BuildingB_Floor1,TypeA
1079,2025-04-08 16:00:03,29.15,74.87,BuildingA_Floor1,TypeA
1025,2025-04-07 18:20:30,16.84,63.46,BuildingA_Floor2,TypeB
1083,2025-04-08 08:41:49,16.01,33.24,BuildingB_Floor2,TypeA
1066,2025-04-11 07:43:33,23.64,47.7,BuildingA_Floor2,TypeA
1020,2025-04-09 00:12:03,25.94,71.78,BuildingA_Floor1,TypeC
1012,2025-04-07 18:38:52,19.96,44.33,BuildingA_Floor1,TypeB
1001,2025-04-09 08:03:37,17.93,50.69,BuildingB_Floor2,TypeA
1053,2025-04-10 22:08:28,24.99,57.32,BuildingA_Floor1,TypeA
1027,2025-04-09 00:01:28,24.86,70.55,BuildingA_Floor1,TypeC
1012,2025-04-08 10:41:05,16.71,55.37,BuildingB_Floor1,TypeB
1003,2025-04-06 18:39:32,15.75,53.3,BuildingB_Floor1,TypeC
1076,2025-04-11 06:15:41,29.61,40.03,BuildingA_Floor2,TypeC
1045,2025-04-08 14:38:37,25.09,43.54,BuildingB_Floor1,TypeA
1086,2025-04-08 13:18:25,31.28,57.94,BuildingB_Floor1,TypeC
1051,2025-04-10 18:57:05,34.21,61.65,BuildingA_Floor2,TypeB
1025,2025-04-06 18:37:30,21.8,67.26,BuildingB_Floor2,TypeA
1093,2025-04-11 14:49:51,21.13,63.12,BuildingA_Floor1,TypeB
1040,2025-04-07 12:13:00,17.11,41.29,BuildingA_Floor1,TypeC
1007,2025-04-10 14:23:33,17.71,44.93,BuildingA_Floor2,TypeC
1033,2025-04-09 21:23:01,28.81,54.18,BuildingA_Floor1,TypeA
1006,2025-04-08 05:47:52,27.8,53.55,BuildingA_Floor1,TypeA
1062,2025-04-10 17:46:12,32.65,65.54,BuildingB_Floor2,TypeC
1000,2025-04-06 17:34:45,21.82,59.65,BuildingB_Floor2,TypeC
1026,2025-04-07 09:29:57,18.63,33.42,BuildingB_Floor1,TypeC
1050,2025-04-11 14:29:52,20.46,61.15,BuildingB_Floor1,TypeB
1025,2025-04-09 11:19:23,21.4,33.78,BuildingA_Floor1,TypeA
1050,2025-04-09 23:45:49,32.06,34.71,BuildingA_Floor2,TypeC
1004,2025-04-06 19:44:37,34.4,49.73,BuildingB_Floor1,TypeB
1085,2025-04-08 06:01:52,24.53,55.12,BuildingA_Floor2,TypeA
1011,2025-04-08 13:42:00,30.47,55.06,BuildingA_Floor2,TypeB
1000,2025-04-08 13:45:00,18.26,68.79,BuildingB_Floor1,TypeB
1027,2025-04-11 07:40:30,33.69,79.62,BuildingB_Floor1,TypeA
1036,2025-04-09 02:05:24,23.66,34.92,BuildingA_Floor1,TypeB
1002,2025-04-06 19:39:16,20.8,69.66,BuildingA_Floor1,TypeB
1022,2025-04-09 21:24:45,31.18,31.38,BuildingB_Floor1,TypeC
1024,2025-04-08 09:10:31,33.82,33.01,BuildingA_Floor1,TypeB
1010,2025-04-08 09:36:23,29.21,56.11,BuildingB_Floor2,TypeC
1095,2025-04-07 12:36:21,24.06,31.13,BuildingB_Floor2,TypeC
1100,2025-04-07 12:33:30,15.71,50.2,BuildingB_Floor1,TypeA
1057,2025-04-08 14:06:40,18.83,70.88,BuildingA_Floor2,TypeC
1044,2025-04-07 14:22:08,17.3,34.05,BuildingB_Floor2,TypeC
1081,2025-04-10 21:13:35,18.85,63.64,BuildingB_Floor1,TypeB
1081,2025-04-10 06:55:33,31.8,68.75,BuildingB_Floor1,TypeB
1029,2025-04-09 08:23:57,27.28,33.51,BuildingB_Floor2,TypeA
1013,2025-04-09 15:03:02,18.38,36.66,BuildingB_Floor2,TypeB
1059,2025-04-08 11:49:39,18.24,30.08,BuildingA_Floor2,TypeA
1025,2025-04-07 03:09:56,27.11,46.35,BuildingB_Floor1,TypeC
1021,2025-04-09 19:05:20,31.05,42.94,BuildingA_Floor2,TypeB
1090,2025-04-10 12:10:04,17.95,74.46,BuildingB_Floor2,TypeA
1096,2025-04-11 03:07:14,23.73,66.7,BuildingB_Floor2,TypeC
1009,2025-04-08 11:41:49,18.82,78.14,BuildingB_Floor2,TypeB
1063,2025-04-09 09:47:40,20.58,31.34,BuildingB_Floor1,TypeB
1017,2025-04-08 11:11:47,29.74,64.07,BuildingA_Floor1,TypeC
1008,2025-04-11 08:33:13,27.66,35.52,BuildingA_Floor2,TypeC
1042,2025-04-11 00:37:36,31.34,58.05,BuildingA_Floor1,TypeA
1053,2025-04-09 07:26:13,26.56,31.81,BuildingB_Floor2,TypeB
1057,2025-04-08 00:07:11,15.21,57.76,BuildingB_Floor2,TypeA
1006,2025-04-11 00:29:49,31.5,33.72,BuildingB_Floor2,TypeC
1003,2025-04-08 17:18:34,32.9,49.34,BuildingA_Floor1,TypeB
1100,2025-04-07 11:56:22,19.2,46.69,BuildingA_Floor2,TypeC
1076,2025-04-07 17:48:09,29.96,52.3,BuildingB_Floor2,TypeC
1099,2025-04-08 11:21:22,26.24,78.17,BuildingB_Floor1,TypeA
1099,2025-04-06 20:04:31,17.0,71.1,BuildingB_Floor1,TypeC
1023,2025-04-09 14:56:58,21.27,60.94,BuildingA_Floor2,TypeC
1098,2025-04-07 10:01:40,28.1,52.42,BuildingB_Floor1,TypeA
1029,2025-04-07 02:05:35,22.62,68.64,BuildingA_Floor1,TypeB
1038,2025-04-11 09:56:46,30.26,45.59,BuildingB_Floor2,TypeA
1028,2025-04-08 06:48:45,21.71,45.01,BuildingA_Floor1,TypeB
1007,2025-04-06 21:20:08,33.07,44.67,BuildingB_Floor1,TypeC
1082,2025-04-08 11:11:58,27.25,76.56,BuildingB_Floor2,TypeA
1030,2025-04-11 03:19:52,21.72,57.86,BuildingB_Floor1,TypeC
1053,2025-04-08 15:25:25,18.12,50.77,BuildingB_Floor1,TypeC
1018,2025-04-07 06:48:32,27.96,52.1,BuildingA_Floor2,TypeA
1073,2025-04-09 04:52:55,32.88,35.99,BuildingA_Floor1,TypeC
1009,2025-04-10 23:31:23,28.13,73.79,BuildingA_Floor1,TypeC
1059,2025-04-09 22:37:27,30.24,46.59,BuildingB_Floor2,TypeC
1004,2025-04-11 04:14:17,32.1,34.97,BuildingA_Floor2,TypeA
1010,2025-04-06 19:04:02,29.09,74.13,BuildingB_Floor2,TypeC
1019,2025-04-07 19:57:27,22.42,33.27,BuildingB_Floor1,TypeB
1060,2025-04-08 03:12:36,30.45,33.99,BuildingB_Floor2,TypeB
1019,2025-04-10 08:47:24,22.94,53.3,BuildingA_Floor2,TypeC
1078,2025-04-09 19:11:37,25.15,32.34,BuildingB_Floor1,TypeA
1075,2025-04-08 02:59:46,31.38,36.83,BuildingA_Floor2,TypeC
1017,2025-04-09 14:27:39,31.26,36.05,BuildingB_Floor1,TypeC
1008,2025-04-06 23:35:23,24.73,79.08,BuildingA_Floor1,TypeB
1012,2025-04-09 08:15:20,26.53,46.32,BuildingA_Floor1,TypeB
1023,2025-04-07 19:57:03,30.43,57.62,BuildingA_Floor1,TypeB
1047,2025-04-11 09:40:24,33.54,42.89,BuildingB_Floor2,TypeB
1038,2025-04-06 22:29:48,20.49,35.28,BuildingA_Floor2,TypeA
1001,2025-04-07 15:52:38,19.62,56.04,BuildingB_Floor1,TypeC
1071,2025-04-11 06:20:50,31.96,63.17,BuildingB_Floor1,TypeC
1004,2025-04-10 14:32:27,32.71,75.46,BuildingA_Floor2,TypeA
1076,2025-04-08 05:38:13,23.14,35.98,BuildingB_Floor1,TypeA
1015,2025-04-11 15:12:36,16.65,71.34,BuildingB_Floor1,TypeA
1029,2025-04-09 06:55:52,19.09,30.14,BuildingB_Floor2,TypeC
1096,2025-04-11 14:22:52,24.33,78.43,BuildingA_Floor1,TypeA
1025,2025-04-09 12:59:15,30.74,43.44,BuildingA_Floor1,TypeA
1065,2025-04-08 18:59:16,26.56,74.71,BuildingB_Floor2,TypeA
1065,2025-04-09 20:41:01,27.59,74.82,BuildingB_Floor1,TypeB
1043,2025-04-09 01:50:44,30.54,59.05,BuildingB_Floor2,TypeB
1036,2025-04-11 10:08:12,23.03,58.09,BuildingA_Floor1,TypeC
1052,2025-04-10 01:17:01,32.03,63.9,BuildingA_Floor2,TypeC
1079,2025-04-07 17:09:55,19.34,65.8,BuildingA_Floor1,TypeA
1041,2025-04-09 10:46:19,19.35,47.14,BuildingA_Floor1,TypeC
1035,2025-04-11 05:09:14,31.68,71.47,BuildingA_Floor2,TypeB
1080,2025-04-09 13:50:51,34.64,63.19,BuildingB_Floor2,TypeC
1063,2025-04-10 15:07:56,29.43,62.1,BuildingA_Floor1,TypeC
1068,2025-04-07 13:55:27,29.79,53.57,BuildingA_Floor1,TypeA
1068,2025-04-08 11:22:24,16.22,33.65,BuildingA_Floor2,TypeB
1085,2025-04-09 05:31:19,22.67,70.09,BuildingB_Floor2,TypeB
1036,2025-04-11 12:14:02,28.65,44.91,BuildingA_Floor2,TypeB
1014,2025-04-09 03:25:33,20.18,58.82,BuildingA_Floor2,TypeA
1073,2025-04-07 11:58:19,17.18,69.31,BuildingB_Floor2,TypeB
1014,2025-04-08 03:33:52,32.16,33.87,BuildingA_Floor2,TypeA
1025,2025-04-09 13:49:14,34.45,40.4,BuildingA_Floor1,TypeA
1077,2025-04-11 07:41:32,21.7,55.55,BuildingB_Floor2,TypeC
1100,2025-04-08 15:42:46,29.24,56.48,BuildingA_Floor2,TypeB
1016,2025-04-09 14:21:37,22.95,56.89,BuildingA_Floor2,TypeB
1096,2025-04-09 01:18:50,28.76,66.44,BuildingB_Floor2,TypeC
1081,2025-04-10 17:38:24,18.68,56.85,BuildingB_Floor1,TypeC
1050,2025-04-09 18:07:45,22.14,78.41,BuildingA_Floor2,TypeC
1060,2025-04-10 04:49:58,19.33,76.16,BuildingA_Floor1,TypeC
1097,2025-04-10 17:26:13,32.33,41.62,BuildingA_Floor1,TypeC
1081,2025-04-10 22:33:21,17.52,34.55,BuildingA_Floor1,TypeB
1001,2025-04-07 23:03:21,17.62,45.88,BuildingA_Floor2,TypeA
1050,2025-04-10 18:36:41,21.08,64.83,BuildingA_Floor2,TypeC
1004,2025-04-11 13:11:20,21.02,40.85,BuildingA_Floor1,TypeB
1070,2025-04-07 19:36:35,17.64,58.94,BuildingA_Floor2,TypeA
1045,2025-04-08 19:45:07,33.45,51.6,BuildingA_Floor1,TypeA
1058,2025-04-10 21:19:14,33.45,51.3,BuildingB_Floor2,TypeC
1074,2025-04-07 02:27:27,16.58,75.96,BuildingB_Floor2,TypeC
1071,2025-04-10 01:54:05,23.54,70.13,BuildingA_Floor1,TypeA
1086,2025-04-09 13:52:36,31.7,60.05,BuildingB_Floor1,TypeA
1002,2025-04-08 15:56:35,31.71,57.65,BuildingB_Floor2,TypeA
1026,2025-04-08 12:00:20,24.1,64.68,BuildingB_Floor1,TypeA
1097,2025-04-07 04:42:36,19.94,56.51,BuildingA_Floor2,TypeA
1093,2025-04-06 22:03:40,23.19,30.57,BuildingA_Floor1,TypeA
1059,2025-04-09 00:33:36,32.34,54.13,BuildingA_Floor1,TypeA
1017,2025-04-09 22:15:31,30.95,64.22,BuildingB_Floor1,TypeC
1033,2025-04-08 20:34:40,31.49,47.79,BuildingB_Floor2,TypeA
1027,2025-04-09 16:05:04,24.93,54.25,BuildingB_Floor1,TypeC
1008,2025-04-10 10:57:06,33.54,74.29,BuildingA_Floor1,TypeB
1098,2025-04-10 21:15:19,18.24,63.82,BuildingA_Floor2,TypeB
1083,2025-04-09 02:01:40,23.34,48.23,BuildingA_Floor1,TypeA
1057,2025-04-09 23:36:56,17.82,66.35,BuildingA_Floor2,TypeC
1065,2025-04-08 05:12:23,21.88,62.86,BuildingA_Floor1,TypeB
1031,2025-04-10 22:35:19,26.1,79.18,BuildingA_Floor2,TypeC
1079,2025-04-08 11:11:07,33.74,78.61,BuildingA_Floor1,TypeA
1007,2025-04-06 15:38:35,20.2,72.93,BuildingB_Floor1,TypeC
1045,2025-04-07 20:43:15,17.19,68.66,BuildingA_Floor1,TypeB
1028,2025-04-09 15:43:32,33.22,73.99,BuildingB_Floor2,TypeB
1021,2025-04-10 12:06:05,33.2,71.95,BuildingB_Floor2,TypeB
1023,2025-04-11 09:05:57,15.21,52.99,BuildingA_Floor1,TypeB
1024,2025-04-08 06:36:34,33.68,70.22,BuildingA_Floor2,TypeC
1053,2025-04-08 03:53:13,24.42,65.17,BuildingB_Floor1,TypeA
1072,2025-04-10 13:45:28,17.83,34.06,BuildingB_Floor2,TypeB
1015,2025-04-06 15:49:38,21.94,42.01,BuildingA_Floor1,TypeB
1025,2025-04-07 21:10:55,28.99,43.45,BuildingB_Floor1,TypeB
1049,2025-04-09 11:29:27,27.83,40.69,BuildingB_Floor1,TypeB
1001,2025-04-09 11:20:03,18.97,73.17,BuildingB_Floor2,TypeC
1034,2025-04-07 20:01:06,20.53,62.05,BuildingA_Floor2,TypeA
1083,2025-04-11 14:22:26,33.18,61.08,BuildingB_Floor2,TypeA
1082,2025-04-06 18:23:39,17.21,65.65,BuildingB_Floor2,TypeB
1018,2025-04-10 17:22:41,27.41,60.59,BuildingB_Floor2,TypeB
1066,2025-04-06 23:40:33,25.43,31.72,BuildingA_Floor2,TypeC
1039,2025-04-10 22:37:13,31.69,59.1,BuildingB_Floor1,TypeB
1062,2025-04-08 17:28:15,19.07,52.15,BuildingB_Floor2,TypeB
1079,2025-04-11 04:26:30,16.22,64.04,BuildingA_Floor1,TypeC
1060,2025-04-08 09:01:00,23.15,53.8,BuildingB_Floor2,TypeB
1048,2025-04-11 02:58:03,16.98,75.68,BuildingB_Floor2,TypeA
1096,2025-04-09 10:16:46,15.41,76.17,BuildingB_Floor2,TypeC
1080,2025-04-10 11:38:49,24.63,49.23,BuildingB_Floor1,TypeB
1092,2025-04-08 19:01:30,24.86,58.15,BuildingB_Floor1,TypeC
1100,2025-04-08 16:04:09,18.53,49.27,BuildingB_Floor1,TypeB
1052,2025-04-07 08:40:03,34.29,40.27,BuildingA_Floor1,TypeB
1023,2025-04-07 07:11:28,29.69,54.21,BuildingB_Floor2,TypeB
1098,2025-04-10 17:38:20,27.88,44.53,BuildingB_Floor1,TypeC
1092,2025-04-09 15:03:00,17.54,79.93,BuildingB_Floor1,TypeC
1015,2025-04-07 05:53:08,24.95,74.52,BuildingB_Floor2,TypeA
1002,2025-04-10 09:34:23,24.87,45.2,BuildingA_Floor2,TypeA
1000,2025-04-06 17:47:50,31.45,40.67,BuildingA_Floor2,TypeB
1045,2025-04-07 13:44:48,24.0,44.51,BuildingB_Floor1,TypeC
1068,2025-04-07 22:58:12,18.67,78.32,BuildingA_Floor2,TypeB
1001,2025-04-06 20:15:02,16.66,74.22,BuildingA_Floor1,TypeC
1035,2025-04-07 06:13:17,17.57,50.41,BuildingB_Floor2,TypeC
1089,2025-04-08 16:29:02,34.51,32.37,BuildingB_Floor1,TypeB
1000,2025-04-09 04:29:54,25.48,54.22,BuildingB_Floor2,TypeC
1053,2025-04-07 08:06:05,22.16,59.55,BuildingA_Floor2,TypeA
1037,2025-04-08 23:09:03,29.4,38.3,BuildingB_Floor1,TypeC
1038,2025-04-10 11:53:30,34.95,63.3,BuildingA_Floor1,TypeC
1008,2025-04-09 18:50:17,20.44,31.95,BuildingB_Floor1,TypeA
1002,2025-04-09 14:12:42,15.12,58.77,BuildingB_Floor1,TypeB
1005,2025-04-09 05:33:54,15.99,47.79,BuildingA_Floor2,TypeA
1083,2025-04-07 10:04:24,25.46,69.34,BuildingA_Floor2,TypeA
1019,2025-04-07 10:00:21,26.71,75.41,BuildingB_Floor2,TypeA
1084,2025-04-08 23:14:29,19.03,57.0,BuildingB_Floor2,TypeB
1049,2025-04-09 23:20:28,29.04,77.46,BuildingA_Floor1,TypeA
1067,2025-04-07 12:34:23,33.91,30.87,BuildingA_Floor2,TypeA
1016,2025-04-08 20:24:19,29.95,46.12,BuildingB_Floor2,TypeC
1057,2025-04-10 05:12:57,21.29,76.38,BuildingB_Floor1,TypeB
1088,2025-04-10 20:00:47,20.01,45.1,BuildingB_Floor1,TypeC
1077,2025-04-07 14:30:22,18.7,78.3,BuildingB_Floor2,TypeB
1030,2025-04-08 19:10:57,20.32,67.95,BuildingB_Floor1,TypeB
1014,2025-04-08 16:16:41,24.09,46.61,BuildingB_Floor1,TypeA
1065,2025-04-11 09:21:41,21.98,39.36,BuildingA_Floor1,TypeA
1084,2025-04-07 21:24:02,18.92,69.31,BuildingB_Floor2,TypeC
1023,2025-04-10 18:35:08,23.38,57.04,BuildingA_Floor1,TypeA
1053,2025-04-07 17:49:45,15.07,72.32,BuildingB_Floor2,TypeC
1043,2025-04-08 18:00:42,17.97,58.46,BuildingA_Floor1,TypeC
1034,2025-04-11 02:40:53,23.08,42.57,BuildingA_Floor1,TypeA
1063,2025-04-10 03:14:55,25.7,40.84,BuildingB_Floor2,TypeB
1100,2025-04-09 12:23:34,23.15,43.5,BuildingA_Floor1,TypeC
1059,2025-04-10 18:00:35,16.35,37.43,BuildingB_Floor2,TypeB
1100,2025-04-11 03:57:18,34.33,79.93,BuildingB_Floor2,TypeB
1041,2025-04-10 17:39:59,17.02,44.81,BuildingB_Floor2,TypeC
1026,2025-04-10 11:15:05,21.04,46.34,BuildingA_Floor2,TypeB
1020,2025-04-08 00:15:14,20.28,77.06,BuildingA_Floor1,TypeB
1021,2025-04-10 09:40:48,26.13,50.29,BuildingB_Floor1,TypeB
1056,2025-04-11 03:44:34,32.94,77.38,BuildingB_Floor2,TypeC
1063,2025-04-07 21:55:37,25.74,73.76,BuildingA_Floor2,TypeB
1080,2025-04-08 03:12:15,24.79,70.92,BuildingB_Floor2,TypeA
1039,2025-04-07 18:33:22,24.37,74.79,BuildingB_Floor2,TypeA
1055,2025-04-08 18:57:28,33.9,46.53,BuildingB_Floor2,TypeC
1064,2025-04-08 16:56:58,15.04,74.86,BuildingA_Floor2,TypeC
1089,2025-04-08 09:38:05,23.15,49.9,BuildingB_Floor1,TypeA
1056,2025-04-11 02:54:36,20.93,54.65,BuildingB_Floor2,TypeA
1084,2025-04-08 17:40:10,31.85,76.66,BuildingA_Floor1,TypeC
1066,2025-04-07 08:39:00,24.51,35.73,BuildingA_Floor2,TypeC
1084,2025-04-10 14:18:14,20.53,77.28,BuildingB_Floor1,TypeC
1037,2025-04-07 23:15:53,19.27,65.75,BuildingA_Floor1,TypeB
1085,2025-04-06 16:33:42,26.31,60.75,BuildingA_Floor2,TypeA
1031,2025-04-06 18:46:31,22.41,73.06,BuildingB_Floor2,TypeA
1063,2025-04-06 23:06:01,32.97,56.24,BuildingA_Floor2,TypeB
1019,2025-04-11 10:47:08,24.95,54.91,BuildingA_Floor2,TypeC
1012,2025-04-07 20:52:00,19.59,74.85,BuildingA_Floor1,TypeC
1048,2025-04-07 17:42:06,32.48,38.13,BuildingB_Floor2,TypeB
1043,2025-04-08 02:14:21,26.84,52.08,BuildingA_Floor1,TypeC
1054,2025-04-11 14:51:29,33.26,37.71,BuildingA_Floor1,TypeA
1093,2025-04-07 14:20:55,24.61,54.7,BuildingB_Floor1,TypeA
1014,2025-04-08 13:08:23,31.53,62.19,BuildingB_Floor1,TypeA
1054,2025-04-07 10:22:55,32.25,56.36,BuildingB_Floor1,TypeB
1032,2025-04-11 12:47:11,25.06,72.15,BuildingB_Floor2,TypeC
1056,2025-04-11 08:29:44,27.86,76.96,BuildingA_Floor2,TypeA
1046,2025-04-06 16:41:51,27.82,52.7,BuildingA_Floor1,TypeA
1002,2025-04-07 09:56:19,18.49,66.04,BuildingB_Floor1,TypeC
1099,2025-04-07 03:57:22,32.31,50.93,BuildingB_Floor2,TypeA
1035,2025-04-11 12:53:10,22.75,57.82,BuildingB_Floor1,TypeA
1013,2025-04-11 01:49:21,34.37,71.45,BuildingB_Floor1,TypeA
1038,2025-04-06 20:39:33,17.46,59.12,BuildingB_Floor2,TypeB
1041,2025-04-07 10:35:43,28.06,65.85,BuildingA_Floor2,TypeB
1037,2025-04-08 17:15:11,31.59,41.79,BuildingA_Floor2,TypeA
1082,2025-04-09 04:23:51,27.84,35.84,BuildingB_Floor2,TypeC
1053,2025-04-07 12:36:15,31.19,31.11,BuildingB_Floor1,TypeB
1007,2025-04-07 06:48:07,20.62,37.39,BuildingA_Floor1,TypeB
1093,2025-04-07 18:34:52,16.9,61.61,BuildingA_Floor1,TypeC
1080,2025-04-10 10:11:08,34.32,59.88,BuildingB_Floor2,TypeA
1099,2025-04-08 17:59:22,21.42,49.51,BuildingA_Floor2,TypeA
1016,2025-04-06 20:49:52,31.49,42.0,BuildingA_Floor2,TypeB
1023,2025-04-10 23:29:58,27.29,42.07,BuildingB_Floor1,TypeC
1006,2025-04-08 12:54:48,26.23,47.26,BuildingB_Floor2,TypeB
1082,2025-04-11 13:44:32,18.76,42.64,BuildingA_Floor1,TypeB
1083,2025-04-08 14:15:35,26.16,53.11,BuildingB_Floor2,TypeB
1068,2025-04-07 00:23:06,23.55,39.1,BuildingA_Floor1,TypeB
1013,2025-04-09 21:04:48,31.77,66.72,BuildingA_Floor2,TypeA
1065,2025-04-07 14:07:59,34.99,72.64,BuildingB_Floor1,TypeB
1086,2025-04-08 06:30:01,32.57,60.7,BuildingB_Floor1,TypeB
1070,2025-04-10 01:53:08,22.08,34.09,BuildingB_Floor2,TypeB
1079,2025-04-10 11:26:46,21.29,63.11,BuildingA_Floor2,TypeA
1099,2025-04-10 02:02:21,34.87,67.95,BuildingB_Floor1,TypeC
1011,2025-04-07 06:58:18,27.58,67.97,BuildingA_Floor2,TypeC
1026,2025-04-09 03:21:15,27.27,70.8,BuildingA_Floor1,TypeB
1051,2025-04-10 02:42:35,33.81,52.77,BuildingB_Floor2,TypeC
1076,2025-04-07 04:03:08,33.69,75.83,BuildingB_Floor2,TypeC
1051,2025-04-07 16:09:48,17.62,43.46,BuildingA_Floor2,TypeB
1080,2025-04-06 16:20:48,21.05,58.15,BuildingA_Floor1,TypeC
1024,2025-04-10 06:19:56,26.44,63.78,BuildingA_Floor2,TypeB
1078,2025-04-08 05:29:12,27.78,59.46,BuildingB_Floor2,TypeC
1053,2025-04-08 16:21:21,29.89,51.06,BuildingA_Floor1,TypeC
1027,2025-04-09 14:14:08,31.29,35.82,BuildingB_Floor2,TypeB
1030,2025-04-09 16:57:31,20.9,62.26,BuildingA_Floor1,TypeC
1003,2025-04-09 06:09:03,32.93,48.5,BuildingB_Floor1,TypeA
1028,2025-04-10 16:58:20,17.34,66.97,BuildingA_Floor2,TypeC
1065,2025-04-07 18:55:09,27.26,64.81,BuildingA_Floor2,TypeA
1086,2025-04-10 12:21:34,23.17,58.04,BuildingA_Floor2,TypeC
1022,2025-04-09 05:53:05,16.01,37.62,BuildingA_Floor1,TypeA
1067,2025-04-08 10:01:32,33.59,62.53,BuildingA_Floor1,TypeA
1088,2025-04-08 02:19:02,30.81,71.07,BuildingA_Floor2,TypeA
1043,2025-04-10 23:47:52,22.02,54.28,BuildingB_Floor1,TypeC
1099,2025-04-07 23:30:47,31.1,78.79,BuildingA_Floor1,TypeA
1025,2025-04-07 23:37:07,18.35,67.3,BuildingB_Floor2,TypeC
1048,2025-04-09 12:23:12,33.08,53.46,BuildingA_Floor1,TypeC
1042,2025-04-09 06:27:19,32.02,36.94,BuildingB_Floor1,TypeC
1063,2025-04-08 19:44:21,28.4,65.99,BuildingA_Floor2,TypeC
1081,2025-04-11 05:07:11,27.4,79.47,BuildingB_Floor2,TypeB
1085,2025-04-10 05:34:09,30.2,50.92,BuildingB_Floor1,TypeB
1054,2025-04-06 15:56:05,19.88,76.78,BuildingA_Floor1,TypeB
1090,2025-04-11 12:34:48,34.98,47.89,BuildingB_Floor1,TypeA
1080,2025-04-09 23:04:53,26.09,67.71,BuildingA_Floor1,TypeC
1086,2025-04-10 13:19:36,20.76,56.35,BuildingA_Floor1,TypeC
1023,2025-04-11 06:08:28,15.66,60.92,BuildingA_Floor1,TypeA
1000,2025-04-11 05:48:58,23.24,65.75,BuildingB_Floor1,TypeB
1084,2025-04-07 07:00:21,28.78,53.25,BuildingA_Floor2,TypeA
1072,2025-04-07 23:07:31,15.23,48.05,BuildingB_Floor1,TypeA
1049,2025-04-08 21:01:44,27.72,39.48,BuildingA_Floor2,TypeA
1090,2025-04-07 21:57:41,17.74,33.47,BuildingA_Floor1,TypeB
1014,2025-04-10 03:01:36,31.64,43.82,BuildingB_Floor1,TypeC
1025,2025-04-10 01:32:41,28.11,55.38,BuildingA_Floor1,TypeC
1083,2025-04-07 13:51:42,16.47,40.53,BuildingB_Floor1,TypeC
1095,2025-04-10 03:45:57,22.6,37.82,BuildingB_Floor2,TypeA
1049,2025-04-08 14:32:50,30.37,42.96,BuildingA_Floor2,TypeB
1034,2025-04-09 06:24:31,15.09,79.93,BuildingB_Floor2,TypeC
1085,2025-04-07 08:31:17,29.73,30.05,BuildingB_Floor2,TypeA
1012,2025-04-08 23:31:40,28.68,78.08,BuildingB_Floor2,TypeB
1098,2025-04-10 08:41:26,33.91,42.14,BuildingB_Floor2,TypeB
1029,2025-04-09 11:53:47,16.27,79.73,BuildingB_Floor2,TypeA
1040,2025-04-10 00:51:30,29.39,57.7,BuildingB_Floor1,TypeB
1080,2025-04-07 23:27:06,32.11,76.2,BuildingA_Floor2,TypeB
1086,2025-04-11 07:18:16,29.97,65.79,BuildingA_Floor1,TypeC
1022,2025-04-09 04:17:17,31.33,49.49,BuildingA_Floor2,TypeC
1078,2025-04-09 19:36:53,23.49,59.47,BuildingB_Floor1,TypeC
1083,2025-04-08 01:54:52,15.53,37.21,BuildingB_Floor1,TypeC
1042,2025-04-10 10:38:41,19.64,51.61,BuildingB_Floor1,TypeC
1094,2025-04-07 04:21:17,15.65,56.0,BuildingA_Floor1,TypeC
1037,2025-04-06 23:50:20,16.13,39.53,BuildingA_Floor1,TypeA
1077,2025-04-08 17:17:18,17.02,70.23,BuildingB_Floor2,TypeB
1072,2025-04-07 14:27:14,32.5,66.63,BuildingA_Floor1,TypeB
1043,2025-04-07 18:59:35,21.6,61.4,BuildingA_Floor2,TypeA
1053,2025-04-10 23:49:55,24.86,38.58,BuildingB_Floor2,TypeA
1073,2025-04-09 22:39:53,27.86,52.19,BuildingA_Floor1,TypeA
1029,2025-04-08 02:40:27,32.07,64.11,BuildingA_Floor2,TypeC
1029,2025-04-10 18:17:37,28.82,38.91,BuildingA_Floor2,TypeB
1059,2025-04-09 21:30:39,20.97,51.15,BuildingB_Floor2,TypeA
1093,2025-04-07 04:47:54,15.46,42.82,BuildingA_Floor1,TypeC
1091,2025-04-09 09:57:34,29.23,38.02,BuildingA_Floor1,TypeC
1081,2025-04-08 04:45:49,20.82,52.44,BuildingA_Floor1,TypeA
1070,2025-04-10 05:27:53,16.15,76.35,BuildingA_Floor2,TypeA
1074,2025-04-06 16:56:15,34.42,44.27,BuildingA_Floor2,TypeC
1009,2025-04-08 17:26:45,29.0,55.75,BuildingA_Floor1,TypeC
1033,2025-04-11 10:32:21,24.15,55.02,BuildingA_Floor2,TypeB
1073,2025-04-09 11:31:31,29.05,65.83,BuildingA_Floor2,TypeB
1079,2025-04-08 14:57:39,25.89,79.04,BuildingB_Floor2,TypeB
1039,2025-04-08 02:02:11,16.74,33.77,BuildingA_Floor2,TypeC
1074,2025-04-08 11:52:26,26.12,74.78,BuildingA_Floor1,TypeB
1012,2025-04-11 01:27:18,22.44,46.2,BuildingA_Floor2,TypeB
1042,2025-04-08 13:45:52,24.61,56.63,BuildingA_Floor1,TypeA
1082,2025-04-07 12:00:11,33.02,71.92,BuildingB_Floor2,TypeA
1016,2025-04-07 10:28:22,28.16,51.85,BuildingB_Floor2,TypeC
1021,2025-04-07 05:07:17,29.77,66.25,BuildingB_Floor1,TypeA
1034,2025-04-06 20:06:58,22.02,74.69,BuildingB_Floor1,TypeA
1072,2025-04-07 18:58:32,23.84,35.24,BuildingB_Floor2,TypeC
1047,2025-04-06 21:16:34,32.53,56.24,BuildingA_Floor1,TypeA
1096,2025-04-07 09:49:39,31.79,44.84,BuildingA_Floor1,TypeA
1010,2025-04-07 23:39:44,32.98,63.11,BuildingB_Floor2,TypeB
1053,2025-04-11 01:54:14,32.47,67.31,BuildingB_Floor1,TypeB
1049,2025-04-08 14:16:10,30.08,57.33,BuildingB_Floor1,TypeA
1054,2025-04-08 07:49:26,30.45,30.01,BuildingA_Floor1,TypeA
1005,2025-04-10 18:11:07,19.02,39.59,BuildingA_Floor2,TypeB
1020,2025-04-10 02:21:19,23.22,45.2,BuildingA_Floor1,TypeC
1067,2025-04-09 03:31:00,32.51,43.62,BuildingB_Floor2,TypeB
